name,description,html_url,watchers_count,stargazers_count,forks_count
system-design-primer,Learn how to design large-scale systems. Prep for the system design interview.  Includes Anki flashcards.,https://github.com/donnemartin/system-design-primer,106134,106134,19056
public-apis,A collective list of free APIs for use in software and web development.,https://github.com/public-apis/public-apis,95501,95501,11508
awesome-python,"A curated list of awesome Python frameworks, libraries, software and resources",https://github.com/vinta/awesome-python,86373,86373,16968
Python,All Algorithms implemented in Python,https://github.com/TheAlgorithms/Python,84289,84289,24835
youtube-dl,Command-line program to download videos from YouTube.com and other video sites,https://github.com/ytdl-org/youtube-dl,70493,70493,12327
models,Models and examples built with TensorFlow,https://github.com/tensorflow/models,65978,65978,42153
thefuck,Magnificent app which corrects your previous console command.,https://github.com/nvbn/thefuck,55350,55350,2741
flask,The Python micro framework for building web applications.,https://github.com/pallets/flask,51926,51926,13740
django,The Web framework for perfectionists with deadlines.,https://github.com/django/django,51817,51817,22424
keras,Deep Learning for humans,https://github.com/keras-team/keras,49654,49654,18563
httpie,"As easy as /aitch-tee-tee-pie/ ğŸ¥§ Modern, user-friendly command-line HTTP client for the API era. JSON support, colors, sessions, downloads, plugins & more. https://twitter.com/clihttp",https://github.com/httpie/httpie,47996,47996,3085
awesome-machine-learning,"A curated list of awesome Machine Learning frameworks, libraries and software.",https://github.com/josephmisiti/awesome-machine-learning,46399,46399,11652
ansible,"Ansible is a radically simple IT automation platform that makes your applications and systems easier to deploy and maintain. Automate everything from code deployment to network configuration to cloud management, in a language that approaches plain English, using SSH, with no agents to install on remote systems. https://docs.ansible.com.",https://github.com/ansible/ansible,44649,44649,19566
requests,"A simple, yet elegant HTTP library.",https://github.com/psf/requests,43459,43459,7884
scikit-learn,scikit-learn: machine learning in Python,https://github.com/scikit-learn/scikit-learn,42134,42134,20315
scrapy,"Scrapy, a fast high-level web crawling & scraping framework for Python.",https://github.com/scrapy/scrapy,38208,38208,8784
big-list-of-naughty-strings,The Big List of Naughty Strings is a list of strings which have a high probability of causing issues when used as user-input data.,https://github.com/minimaxir/big-list-of-naughty-strings,37930,37930,1683
face_recognition,The world's simplest facial recognition api for Python and the command line,https://github.com/ageitgey/face_recognition,36113,36113,10110
core,:house_with_garden: Open source home automation that puts local control and privacy first,https://github.com/home-assistant/core,35315,35315,11366
you-get,:arrow_double_down: Dumb downloader that scrapes the web,https://github.com/soimort/you-get,34861,34861,6985
cpython,The Python programming language,https://github.com/python/cpython,33375,33375,15974
transformers,ğŸ¤—Transformers: State-of-the-art Natural Language Processing for Pytorch and TensorFlow 2.0.,https://github.com/huggingface/transformers,33370,33370,7982
HelloGitHub,:octocat: Find pearls on open-source seashore åˆ†äº« GitHub ä¸Šæœ‰è¶£ã€å…¥é—¨çº§çš„å¼€æºé¡¹ç›®,https://github.com/521xueweihan/HelloGitHub,33357,33357,4979
shadowsocks,,https://github.com/shadowsocks/shadowsocks,32767,32767,19700
faceswap,Deepfakes Software For All,https://github.com/deepfakes/faceswap,32245,32245,10093
XX-Net,A proxy tool to bypass GFW.,https://github.com/XX-net/XX-Net,30295,30295,7876
incubator-superset,Apache Superset is a Data Visualization and Data Exploration Platform,https://github.com/apache/incubator-superset,29943,29943,6198
interview_internal_reference,2020å¹´æœ€æ–°æ€»ç»“ï¼Œé˜¿é‡Œï¼Œè…¾è®¯ï¼Œç™¾åº¦ï¼Œç¾å›¢ï¼Œå¤´æ¡ç­‰æŠ€æœ¯é¢è¯•é¢˜ç›®ï¼Œä»¥åŠç­”æ¡ˆï¼Œä¸“å®¶å‡ºé¢˜äººåˆ†ææ±‡æ€»ã€‚,https://github.com/0voice/interview_internal_reference,28767,28767,7892
12306,12306æ™ºèƒ½åˆ·ç¥¨ï¼Œè®¢ç¥¨,https://github.com/testerSunshine/12306,28644,28644,9077
CppCoreGuidelines,"The C++ Core Guidelines are a set of tried-and-true guidelines, rules, and best practices about coding in C++",https://github.com/isocpp/CppCoreGuidelines,28418,28418,3786
Deep-Learning-Papers-Reading-Roadmap,Deep Learning papers reading roadmap for anyone who are eager to learn this amazing tech!,https://github.com/floodsung/Deep-Learning-Papers-Reading-Roadmap,28278,28278,6266
certbot,Certbot is EFF's tool to obtain certs from Let's Encrypt and (optionally) auto-enable HTTPS on your server.  It can also act as a client for any other CA that uses the ACME protocol.,https://github.com/certbot/certbot,27142,27142,2961
AiLearning,AiLearning: æœºå™¨å­¦ä¹  - MachineLearning - MLã€æ·±åº¦å­¦ä¹  - DeepLearning - DLã€è‡ªç„¶è¯­è¨€å¤„ç† NLP,https://github.com/apachecn/AiLearning,26735,26735,9173
pandas,"Flexible and powerful data analysis / manipulation library for Python, providing labeled data structures similar to R data.frame objects, statistical functions, and much more",https://github.com/pandas-dev/pandas,26411,26411,10821
localstack,ğŸ’»  A fully functional local AWS cloud stack. Develop and test your cloud & Serverless apps offline!,https://github.com/localstack/localstack,26243,26243,2000
sentry,"Sentry is cross-platform application monitoring, with a focus on error reporting.",https://github.com/getsentry/sentry,25970,25970,2926
python-patterns,A collection of design patterns/idioms in Python,https://github.com/faif/python-patterns,25769,25769,5416
manim,Animation engine for explanatory math videos,https://github.com/3b1b/manim,25157,25157,3218
bert,TensorFlow code and pre-trained models for BERT,https://github.com/google-research/bert,24745,24745,6970
jieba,ç»“å·´ä¸­æ–‡åˆ†è¯,https://github.com/fxsjy/jieba,24028,24028,5883
funNLP,"ä¸­è‹±æ–‡æ•æ„Ÿè¯ã€è¯­è¨€æ£€æµ‹ã€ä¸­å¤–æ‰‹æœº/ç”µè¯å½’å±åœ°/è¿è¥å•†æŸ¥è¯¢ã€åå­—æ¨æ–­æ€§åˆ«ã€æ‰‹æœºå·æŠ½å–ã€èº«ä»½è¯æŠ½å–ã€é‚®ç®±æŠ½å–ã€ä¸­æ—¥æ–‡äººååº“ã€ä¸­æ–‡ç¼©å†™åº“ã€æ‹†å­—è¯å…¸ã€è¯æ±‡æƒ…æ„Ÿå€¼ã€åœç”¨è¯ã€ååŠ¨è¯è¡¨ã€æš´æè¯è¡¨ã€ç¹ç®€ä½“è½¬æ¢ã€è‹±æ–‡æ¨¡æ‹Ÿä¸­æ–‡å‘éŸ³ã€æ±ªå³°æ­Œè¯ç”Ÿæˆå™¨ã€èŒä¸šåç§°è¯åº“ã€åŒä¹‰è¯åº“ã€åä¹‰è¯åº“ã€å¦å®šè¯åº“ã€æ±½è½¦å“ç‰Œè¯åº“ã€æ±½è½¦é›¶ä»¶è¯åº“ã€è¿ç»­è‹±æ–‡åˆ‡å‰²ã€å„ç§ä¸­æ–‡è¯å‘é‡ã€å…¬å¸åå­—å¤§å…¨ã€å¤è¯—è¯åº“ã€ITè¯åº“ã€è´¢ç»è¯åº“ã€æˆè¯­è¯åº“ã€åœ°åè¯åº“ã€å†å²åäººè¯åº“ã€è¯—è¯è¯åº“ã€åŒ»å­¦è¯åº“ã€é¥®é£Ÿè¯åº“ã€æ³•å¾‹è¯åº“ã€æ±½è½¦è¯åº“ã€åŠ¨ç‰©è¯åº“ã€ä¸­æ–‡èŠå¤©è¯­æ–™ã€ä¸­æ–‡è°£è¨€æ•°æ®ã€ç™¾åº¦ä¸­æ–‡é—®ç­”æ•°æ®é›†ã€å¥å­ç›¸ä¼¼åº¦åŒ¹é…ç®—æ³•é›†åˆã€bertèµ„æºã€æ–‡æœ¬ç”Ÿæˆ&æ‘˜è¦ç›¸å…³å·¥å…·ã€cocoNLPä¿¡æ¯æŠ½å–å·¥å…·ã€å›½å†…ç”µè¯å·ç æ­£åˆ™åŒ¹é…ã€æ¸…åå¤§å­¦XLORE:ä¸­è‹±æ–‡è·¨è¯­è¨€ç™¾ç§‘çŸ¥è¯†å›¾è°±ã€æ¸…åå¤§å­¦äººå·¥æ™ºèƒ½æŠ€æœ¯ç³»åˆ—æŠ¥å‘Šã€è‡ªç„¶è¯­è¨€ç”Ÿæˆã€NLUå¤ªéš¾äº†ç³»åˆ—ã€è‡ªåŠ¨å¯¹è”æ•°æ®åŠæœºå™¨äººã€ç”¨æˆ·åé»‘åå•åˆ—è¡¨ã€ç½ªåæ³•åŠ¡åè¯åŠåˆ†ç±»æ¨¡å‹ã€å¾®ä¿¡å…¬ä¼—å·è¯­æ–™ã€cs224næ·±åº¦å­¦ä¹ è‡ªç„¶è¯­è¨€å¤„ç†è¯¾ç¨‹ã€ä¸­æ–‡æ‰‹å†™æ±‰å­—è¯†åˆ«ã€ä¸­æ–‡è‡ªç„¶è¯­è¨€å¤„ç† è¯­æ–™/æ•°æ®é›†ã€å˜é‡å‘½åç¥å™¨ã€åˆ†è¯è¯­æ–™åº“+ä»£ç ã€ä»»åŠ¡å‹å¯¹è¯è‹±æ–‡æ•°æ®é›†ã€ASR è¯­éŸ³æ•°æ®é›† + åŸºäºæ·±åº¦å­¦ä¹ çš„ä¸­æ–‡è¯­éŸ³è¯†åˆ«ç³»ç»Ÿã€ç¬‘å£°æ£€æµ‹å™¨ã€Microsoftå¤šè¯­è¨€æ•°å­—/å•ä½/å¦‚æ—¥æœŸæ—¶é—´è¯†åˆ«åŒ…ã€ä¸­åæ–°åå­—å…¸æ•°æ®åº“åŠapi(åŒ…æ‹¬å¸¸ç”¨æ­‡åè¯­ã€æˆè¯­ã€è¯è¯­å’Œæ±‰å­—)ã€æ–‡æ¡£å›¾è°±è‡ªåŠ¨ç”Ÿæˆã€SpaCy ä¸­æ–‡æ¨¡å‹ã€Common Voiceè¯­éŸ³è¯†åˆ«æ•°æ®é›†æ–°ç‰ˆã€ç¥ç»ç½‘ç»œå…³ç³»æŠ½å–ã€åŸºäºbertçš„å‘½åå®ä½“è¯†åˆ«ã€å…³é”®è¯(Keyphrase)æŠ½å–åŒ…pkeã€åŸºäºåŒ»ç–—é¢†åŸŸçŸ¥è¯†å›¾è°±çš„é—®ç­”ç³»ç»Ÿã€åŸºäºä¾å­˜å¥æ³•ä¸è¯­ä¹‰è§’è‰²æ ‡æ³¨çš„äº‹ä»¶ä¸‰å…ƒç»„æŠ½å–ã€ä¾å­˜å¥æ³•åˆ†æ4ä¸‡å¥é«˜è´¨é‡æ ‡æ³¨æ•°æ®ã€cnocrï¼šç”¨æ¥åšä¸­æ–‡OCRçš„Python3åŒ…ã€ä¸­æ–‡äººç‰©å…³ç³»çŸ¥è¯†å›¾è°±é¡¹ç›®ã€ä¸­æ–‡nlpç«èµ›é¡¹ç›®åŠä»£ç æ±‡æ€»ã€ä¸­æ–‡å­—ç¬¦æ•°æ®ã€speech-aligner: ä»â€œäººå£°è¯­éŸ³â€åŠå…¶â€œè¯­è¨€æ–‡æœ¬â€äº§ç”ŸéŸ³ç´ çº§åˆ«æ—¶é—´å¯¹é½æ ‡æ³¨çš„å·¥å…·ã€AmpliGraph: çŸ¥è¯†å›¾è°±è¡¨ç¤ºå­¦ä¹ (Python)åº“ï¼šçŸ¥è¯†å›¾è°±æ¦‚å¿µé“¾æ¥é¢„æµ‹ã€Scattertext æ–‡æœ¬å¯è§†åŒ–(python)ã€è¯­è¨€/çŸ¥è¯†è¡¨ç¤ºå·¥å…·ï¼šBERT & ERNIEã€ä¸­æ–‡å¯¹æ¯”è‹±æ–‡è‡ªç„¶è¯­è¨€å¤„ç†NLPçš„åŒºåˆ«ç»¼è¿°ã€Synonymsä¸­æ–‡è¿‘ä¹‰è¯å·¥å…·åŒ…ã€HarvestTexté¢†åŸŸè‡ªé€‚åº”æ–‡æœ¬æŒ–æ˜å·¥å…·ï¼ˆæ–°è¯å‘ç°-æƒ…æ„Ÿåˆ†æ-å®ä½“é“¾æ¥ç­‰ï¼‰ã€word2wordï¼š(Python)æ–¹ä¾¿æ˜“ç”¨çš„å¤šè¯­è¨€è¯-è¯å¯¹é›†ï¼š62ç§è¯­è¨€/3,564ä¸ªå¤šè¯­è¨€å¯¹ã€è¯­éŸ³è¯†åˆ«è¯­æ–™ç”Ÿæˆå·¥å…·ï¼šä»å…·æœ‰éŸ³é¢‘/å­—å¹•çš„åœ¨çº¿è§†é¢‘åˆ›å»ºè‡ªåŠ¨è¯­éŸ³è¯†åˆ«(ASR)è¯­æ–™åº“ã€æ„å»ºåŒ»ç–—å®ä½“è¯†åˆ«çš„æ¨¡å‹ï¼ˆåŒ…å«è¯å…¸å’Œè¯­æ–™æ ‡æ³¨ï¼‰ã€å•æ–‡æ¡£éç›‘ç£çš„å…³é”®è¯æŠ½å–ã€Kashgariä¸­ä½¿ç”¨gpt-2è¯­è¨€æ¨¡å‹ã€å¼€æºçš„é‡‘èæŠ•èµ„æ•°æ®æå–å·¥å…·ã€æ–‡æœ¬è‡ªåŠ¨æ‘˜è¦åº“TextTeaser: ä»…æ”¯æŒè‹±æ–‡ã€äººæ°‘æ—¥æŠ¥è¯­æ–™å¤„ç†å·¥å…·é›†ã€ä¸€äº›å…³äºè‡ªç„¶è¯­è¨€çš„åŸºæœ¬æ¨¡å‹ã€åŸºäº14Wæ­Œæ›²çŸ¥è¯†åº“çš„é—®ç­”å°è¯•--åŠŸèƒ½åŒ…æ‹¬æ­Œè¯æ¥é¾™andå·²çŸ¥æ­Œè¯æ‰¾æ­Œæ›²ä»¥åŠæ­Œæ›²æ­Œæ‰‹æ­Œè¯ä¸‰è§’å…³ç³»çš„é—®ç­”ã€åŸºäºSiamese bilstmæ¨¡å‹çš„ç›¸ä¼¼å¥å­åˆ¤å®šæ¨¡å‹å¹¶æä¾›è®­ç»ƒæ•°æ®é›†å’Œæµ‹è¯•æ•°æ®é›†ã€ç”¨Transformerç¼–è§£ç æ¨¡å‹å®ç°çš„æ ¹æ®Hacker Newsæ–‡ç« æ ‡é¢˜è‡ªåŠ¨ç”Ÿæˆè¯„è®ºã€ç”¨BERTè¿›è¡Œåºåˆ—æ ‡è®°å’Œæ–‡æœ¬åˆ†ç±»çš„æ¨¡æ¿ä»£ç ã€LitBankï¼šNLPæ•°æ®é›†â€”â€”æ”¯æŒè‡ªç„¶è¯­è¨€å¤„ç†å’Œè®¡ç®—äººæ–‡å­¦ç§‘ä»»åŠ¡çš„100éƒ¨å¸¦æ ‡è®°è‹±æ–‡å°è¯´è¯­æ–™ã€ç™¾åº¦å¼€æºçš„åŸºå‡†ä¿¡æ¯æŠ½å–ç³»ç»Ÿã€è™šå‡æ–°é—»æ•°æ®é›†ã€Facebook: LAMAè¯­è¨€æ¨¡å‹åˆ†æï¼Œæä¾›Transformer-XL/BERT/ELMo/GPTé¢„è®­ç»ƒè¯­è¨€æ¨¡å‹çš„ç»Ÿä¸€è®¿é—®æ¥å£ã€CommonsenseQAï¼šé¢å‘å¸¸è¯†çš„è‹±æ–‡QAæŒ‘æˆ˜ã€ä¸­æ–‡çŸ¥è¯†å›¾è°±èµ„æ–™ã€æ•°æ®åŠå·¥å…·ã€å„å¤§å…¬å¸å†…éƒ¨é‡Œå¤§ç‰›åˆ†äº«çš„æŠ€æœ¯æ–‡æ¡£ PDF æˆ–è€… PPTã€è‡ªç„¶è¯­è¨€ç”ŸæˆSQLè¯­å¥ï¼ˆè‹±æ–‡ï¼‰ã€ä¸­æ–‡NLPæ•°æ®å¢å¼ºï¼ˆEDAï¼‰å·¥å…·ã€è‹±æ–‡NLPæ•°æ®å¢å¼ºå·¥å…· ã€åŸºäºåŒ»è¯çŸ¥è¯†å›¾è°±çš„æ™ºèƒ½é—®ç­”ç³»ç»Ÿã€äº¬ä¸œå•†å“çŸ¥è¯†å›¾è°±ã€åŸºäºmongodbå­˜å‚¨çš„å†›äº‹é¢†åŸŸçŸ¥è¯†å›¾è°±é—®ç­”é¡¹ç›®ã€åŸºäºè¿œç›‘ç£çš„ä¸­æ–‡å…³ç³»æŠ½å–ã€è¯­éŸ³æƒ…æ„Ÿåˆ†æã€ä¸­æ–‡ULMFiT-æƒ…æ„Ÿåˆ†æ-æ–‡æœ¬åˆ†ç±»-è¯­æ–™åŠæ¨¡å‹ã€ä¸€ä¸ªæ‹ç…§åšé¢˜ç¨‹åºã€ä¸–ç•Œå„å›½å¤§è§„æ¨¡äººååº“ã€ä¸€ä¸ªåˆ©ç”¨æœ‰è¶£ä¸­æ–‡è¯­æ–™åº“ qingyun è®­ç»ƒå‡ºæ¥çš„ä¸­æ–‡èŠå¤©æœºå™¨äººã€ä¸­æ–‡èŠå¤©æœºå™¨äººseqGANã€çœå¸‚åŒºé•‡è¡Œæ”¿åŒºåˆ’æ•°æ®å¸¦æ‹¼éŸ³æ ‡æ³¨ã€æ•™è‚²è¡Œä¸šæ–°é—»è¯­æ–™åº“åŒ…å«è‡ªåŠ¨æ–‡æ‘˜åŠŸèƒ½ã€å¼€æ”¾äº†å¯¹è¯æœºå™¨äºº-çŸ¥è¯†å›¾è°±-è¯­ä¹‰ç†è§£-è‡ªç„¶è¯­è¨€å¤„ç†å·¥å…·åŠæ•°æ®ã€ä¸­æ–‡çŸ¥è¯†å›¾è°±ï¼šåŸºäºç™¾åº¦ç™¾ç§‘ä¸­æ–‡é¡µé¢-æŠ½å–ä¸‰å…ƒç»„ä¿¡æ¯-æ„å»ºä¸­æ–‡çŸ¥è¯†å›¾è°±ã€masr: ä¸­æ–‡è¯­éŸ³è¯†åˆ«-æä¾›é¢„è®­ç»ƒæ¨¡å‹-é«˜è¯†åˆ«ç‡ã€PythonéŸ³é¢‘æ•°æ®å¢å¹¿åº“ã€ä¸­æ–‡å…¨è¯è¦†ç›–BERTåŠä¸¤ä»½é˜…è¯»ç†è§£æ•°æ®ã€ConvLabï¼šå¼€æºå¤šåŸŸç«¯åˆ°ç«¯å¯¹è¯ç³»ç»Ÿå¹³å°ã€ä¸­æ–‡è‡ªç„¶è¯­è¨€å¤„ç†æ•°æ®é›†ã€åŸºäºæœ€æ–°ç‰ˆæœ¬rasaæ­å»ºçš„å¯¹è¯ç³»ç»Ÿã€åŸºäºTensorFlowå’ŒBERTçš„ç®¡é“å¼å®ä½“åŠå…³ç³»æŠ½å–ã€ä¸€ä¸ªå°å‹çš„è¯åˆ¸çŸ¥è¯†å›¾è°±/çŸ¥è¯†åº“ã€å¤ç›˜æ‰€æœ‰NLPæ¯”èµ›çš„TOPæ–¹æ¡ˆã€OpenCLaPï¼šå¤šé¢†åŸŸå¼€æºä¸­æ–‡é¢„è®­ç»ƒè¯­è¨€æ¨¡å‹ä»“åº“ã€UERï¼šåŸºäºä¸åŒè¯­æ–™+ç¼–ç å™¨+ç›®æ ‡ä»»åŠ¡çš„ä¸­æ–‡é¢„è®­ç»ƒæ¨¡å‹ä»“åº“ã€ä¸­æ–‡è‡ªç„¶è¯­è¨€å¤„ç†å‘é‡åˆé›†ã€åŸºäºé‡‘è-å¸æ³•é¢†åŸŸ(å…¼æœ‰é—²èŠæ€§è´¨)çš„èŠå¤©æœºå™¨äººã€g2pCï¼šåŸºäºä¸Šä¸‹æ–‡çš„æ±‰è¯­è¯»éŸ³è‡ªåŠ¨æ ‡è®°æ¨¡å—ã€Zincbase çŸ¥è¯†å›¾è°±æ„å»ºå·¥å…·åŒ…ã€è¯—æ­Œè´¨é‡è¯„ä»·/ç»†ç²’åº¦æƒ…æ„Ÿè¯—æ­Œè¯­æ–™åº“ã€å¿«é€Ÿè½¬åŒ–ã€Œä¸­æ–‡æ•°å­—ã€å’Œã€Œé˜¿æ‹‰ä¼¯æ•°å­—ã€ã€ç™¾åº¦çŸ¥é“é—®ç­”è¯­æ–™åº“ã€åŸºäºçŸ¥è¯†å›¾è°±çš„é—®ç­”ç³»ç»Ÿã€jieba_fast åŠ é€Ÿç‰ˆçš„jiebaã€æ­£åˆ™è¡¨è¾¾å¼æ•™ç¨‹ã€ä¸­æ–‡é˜…è¯»ç†è§£æ•°æ®é›†ã€åŸºäºBERTç­‰æœ€æ–°è¯­è¨€æ¨¡å‹çš„æŠ½å–å¼æ‘˜è¦æå–ã€Pythonåˆ©ç”¨æ·±åº¦å­¦ä¹ è¿›è¡Œæ–‡æœ¬æ‘˜è¦çš„ç»¼åˆæŒ‡å—ã€çŸ¥è¯†å›¾è°±æ·±åº¦å­¦ä¹ ç›¸å…³èµ„æ–™æ•´ç†ã€ç»´åŸºå¤§è§„æ¨¡å¹³è¡Œæ–‡æœ¬è¯­æ–™ã€StanfordNLP 0.2.0ï¼šçº¯Pythonç‰ˆè‡ªç„¶è¯­è¨€å¤„ç†åŒ…ã€NeuralNLP-NeuralClassifierï¼šè…¾è®¯å¼€æºæ·±åº¦å­¦ä¹ æ–‡æœ¬åˆ†ç±»å·¥å…·ã€ç«¯åˆ°ç«¯çš„å°é—­åŸŸå¯¹è¯ç³»ç»Ÿã€ä¸­æ–‡å‘½åå®ä½“è¯†åˆ«ï¼šNeuroNER vs. BertNERã€æ–°é—»äº‹ä»¶çº¿ç´¢æŠ½å–ã€2019å¹´ç™¾åº¦çš„ä¸‰å…ƒç»„æŠ½å–æ¯”èµ›ï¼šâ€œç§‘å­¦ç©ºé—´é˜Ÿâ€æºç ã€åŸºäºä¾å­˜å¥æ³•çš„å¼€æ”¾åŸŸæ–‡æœ¬çŸ¥è¯†ä¸‰å…ƒç»„æŠ½å–å’ŒçŸ¥è¯†åº“æ„å»ºã€ä¸­æ–‡çš„GPT2è®­ç»ƒä»£ç ã€ML-NLP - æœºå™¨å­¦ä¹ (Machine Learning)NLPé¢è¯•ä¸­å¸¸è€ƒåˆ°çš„çŸ¥è¯†ç‚¹å’Œä»£ç å®ç°ã€nlp4han:ä¸­æ–‡è‡ªç„¶è¯­è¨€å¤„ç†å·¥å…·é›†(æ–­å¥/åˆ†è¯/è¯æ€§æ ‡æ³¨/ç»„å—/å¥æ³•åˆ†æ/è¯­ä¹‰åˆ†æ/NER/Nå…ƒè¯­æ³•/HMM/ä»£è¯æ¶ˆè§£/æƒ…æ„Ÿåˆ†æ/æ‹¼å†™æ£€æŸ¥ã€XLMï¼šFacebookçš„è·¨è¯­è¨€é¢„è®­ç»ƒè¯­è¨€æ¨¡å‹ã€ç”¨åŸºäºBERTçš„å¾®è°ƒå’Œç‰¹å¾æå–æ–¹æ³•æ¥è¿›è¡ŒçŸ¥è¯†å›¾è°±ç™¾åº¦ç™¾ç§‘äººç‰©è¯æ¡å±æ€§æŠ½å–ã€ä¸­æ–‡è‡ªç„¶è¯­è¨€å¤„ç†ç›¸å…³çš„å¼€æ”¾ä»»åŠ¡-æ•°æ®é›†-å½“å‰æœ€ä½³ç»“æœã€CoupletAI - åŸºäºCNN+Bi-LSTM+Attention çš„è‡ªåŠ¨å¯¹å¯¹è”ç³»ç»Ÿã€æŠ½è±¡çŸ¥è¯†å›¾è°±ã€MiningZhiDaoQACorpus - 580ä¸‡ç™¾åº¦çŸ¥é“é—®ç­”æ•°æ®æŒ–æ˜é¡¹ç›®ã€brat rapid annotation tool: åºåˆ—æ ‡æ³¨å·¥å…·ã€å¤§è§„æ¨¡ä¸­æ–‡çŸ¥è¯†å›¾è°±æ•°æ®ï¼š1.4äº¿å®ä½“ã€æ•°æ®å¢å¼ºåœ¨æœºå™¨ç¿»è¯‘åŠå…¶ä»–nlpä»»åŠ¡ä¸­çš„åº”ç”¨åŠæ•ˆæœã€allennlpé˜…è¯»ç†è§£:æ”¯æŒå¤šç§æ•°æ®å’Œæ¨¡å‹ã€PDFè¡¨æ ¼æ•°æ®æå–å·¥å…· ã€ Graphbrainï¼šAIå¼€æºè½¯ä»¶åº“å’Œç§‘ç ”å·¥å…·ï¼Œç›®çš„æ˜¯ä¿ƒè¿›è‡ªåŠ¨æ„ä¹‰æå–å’Œæ–‡æœ¬ç†è§£ä»¥åŠçŸ¥è¯†çš„æ¢ç´¢å’Œæ¨æ–­ã€ç®€å†è‡ªåŠ¨ç­›é€‰ç³»ç»Ÿã€åŸºäºå‘½åå®ä½“è¯†åˆ«çš„ç®€å†è‡ªåŠ¨æ‘˜è¦ã€ä¸­æ–‡è¯­è¨€ç†è§£æµ‹è¯„åŸºå‡†ï¼ŒåŒ…æ‹¬ä»£è¡¨æ€§çš„æ•°æ®é›†&åŸºå‡†æ¨¡å‹&è¯­æ–™åº“&æ’è¡Œæ¦œã€æ ‘æ´ OCR æ–‡å­—è¯†åˆ« ã€ä»åŒ…å«è¡¨æ ¼çš„æ‰«æå›¾ç‰‡ä¸­è¯†åˆ«è¡¨æ ¼å’Œæ–‡å­—ã€è¯­å£°è¿ç§»ã€Pythonå£è¯­è‡ªç„¶è¯­è¨€å¤„ç†å·¥å…·é›†(è‹±æ–‡)ã€ similarityï¼šç›¸ä¼¼åº¦è®¡ç®—å·¥å…·åŒ…ï¼Œjavaç¼–å†™ã€æµ·é‡ä¸­æ–‡é¢„è®­ç»ƒALBERTæ¨¡å‹ ã€Transformers 2.0 ã€åŸºäºå¤§è§„æ¨¡éŸ³é¢‘æ•°æ®é›†Audiosetçš„éŸ³é¢‘å¢å¼º ã€Poplarï¼šç½‘é¡µç‰ˆè‡ªç„¶è¯­è¨€æ ‡æ³¨å·¥å…·ã€å›¾ç‰‡æ–‡å­—å»é™¤ï¼Œå¯ç”¨äºæ¼«ç”»ç¿»è¯‘ ã€186ç§è¯­è¨€çš„æ•°å­—å«æ³•åº“ã€Amazonå‘å¸ƒåŸºäºçŸ¥è¯†çš„äºº-äººå¼€æ”¾é¢†åŸŸå¯¹è¯æ•°æ®é›† ã€ä¸­æ–‡æ–‡æœ¬çº é”™æ¨¡å—ä»£ç ã€ç¹ç®€ä½“è½¬æ¢ ã€ Pythonå®ç°çš„å¤šç§æ–‡æœ¬å¯è¯»æ€§è¯„ä»·æŒ‡æ ‡ã€ç±»ä¼¼äºäººå/åœ°å/ç»„ç»‡æœºæ„åçš„å‘½åä½“è¯†åˆ«æ•°æ®é›† ã€ä¸œå—å¤§å­¦ã€ŠçŸ¥è¯†å›¾è°±ã€‹ç ”ç©¶ç”Ÿè¯¾ç¨‹(èµ„æ–™)ã€. è‹±æ–‡æ‹¼å†™æ£€æŸ¥åº“ ã€ wwsearchæ˜¯ä¼ä¸šå¾®ä¿¡åå°è‡ªç ”çš„å…¨æ–‡æ£€ç´¢å¼•æ“ã€CHAMELEONï¼šæ·±åº¦å­¦ä¹ æ–°é—»æ¨èç³»ç»Ÿå…ƒæ¶æ„ ã€ 8ç¯‡è®ºæ–‡æ¢³ç†BERTç›¸å…³æ¨¡å‹è¿›å±•ä¸åæ€ã€DocSearchï¼šå…è´¹æ–‡æ¡£æœç´¢å¼•æ“ã€ LIDAï¼šè½»é‡äº¤äº’å¼å¯¹è¯æ ‡æ³¨å·¥å…· ã€aili - the fastest in-memory index in the East ä¸œåŠçƒæœ€å¿«å¹¶å‘ç´¢å¼• ã€çŸ¥è¯†å›¾è°±è½¦éŸ³å·¥ä½œé¡¹ç›®ã€è‡ªç„¶è¯­è¨€ç”Ÿæˆèµ„æºå¤§å…¨ ã€ä¸­æ—¥éŸ©åˆ†è¯åº“mecabçš„Pythonæ¥å£åº“ã€ä¸­æ–‡æ–‡æœ¬æ‘˜è¦/å…³é”®è¯æå–ã€æ±‰å­—å­—ç¬¦ç‰¹å¾æå–å™¨ (featurizer)ï¼Œæå–æ±‰å­—çš„ç‰¹å¾ï¼ˆå‘éŸ³ç‰¹å¾ã€å­—å½¢ç‰¹å¾ï¼‰ç”¨åšæ·±åº¦å­¦ä¹ çš„ç‰¹å¾ã€ä¸­æ–‡ç”Ÿæˆä»»åŠ¡åŸºå‡†æµ‹è¯„ ã€ä¸­æ–‡ç¼©å†™æ•°æ®é›†ã€ä¸­æ–‡ä»»åŠ¡åŸºå‡†æµ‹è¯„ - ä»£è¡¨æ€§çš„æ•°æ®é›†-åŸºå‡†(é¢„è®­ç»ƒ)æ¨¡å‹-è¯­æ–™åº“-baseline-å·¥å…·åŒ…-æ’è¡Œæ¦œã€PySS3ï¼šé¢å‘å¯è§£é‡ŠAIçš„SS3æ–‡æœ¬åˆ†ç±»å™¨æœºå™¨å¯è§†åŒ–å·¥å…· ã€ä¸­æ–‡NLPæ•°æ®é›†åˆ—è¡¨ã€COPE - æ ¼å¾‹è¯—ç¼–è¾‘ç¨‹åºã€doccanoï¼šåŸºäºç½‘é¡µçš„å¼€æºååŒå¤šè¯­è¨€æ–‡æœ¬æ ‡æ³¨å·¥å…· ã€PreNLPï¼šè‡ªç„¶è¯­è¨€é¢„å¤„ç†åº“ã€ç®€å•çš„ç®€å†è§£æå™¨ï¼Œç”¨æ¥ä»ç®€å†ä¸­æå–å…³é”®ä¿¡æ¯ã€ç”¨äºä¸­æ–‡é—²èŠçš„GPT2æ¨¡å‹ï¼šGPT2-chitchatã€åŸºäºæ£€ç´¢èŠå¤©æœºå™¨äººå¤šè½®å“åº”é€‰æ‹©ç›¸å…³èµ„æºåˆ—è¡¨(Leaderboardsã€Datasetsã€Papers)ã€(Colab)æŠ½è±¡æ–‡æœ¬æ‘˜è¦å®ç°é›†é”¦(æ•™ç¨‹ ã€è¯è¯­æ‹¼éŸ³æ•°æ®ã€é«˜æ•ˆæ¨¡ç³Šæœç´¢å·¥å…·ã€NLPæ•°æ®å¢å¹¿èµ„æºé›†ã€å¾®è½¯å¯¹è¯æœºå™¨äººæ¡†æ¶ ã€ GitHub Typo Corpusï¼šå¤§è§„æ¨¡GitHubå¤šè¯­è¨€æ‹¼å†™é”™è¯¯/è¯­æ³•é”™è¯¯æ•°æ®é›†ã€TextClusterï¼šçŸ­æ–‡æœ¬èšç±»é¢„å¤„ç†æ¨¡å— Short text clusterã€é¢å‘è¯­éŸ³è¯†åˆ«çš„ä¸­æ–‡æ–‡æœ¬è§„èŒƒåŒ–ã€BLINKï¼šæœ€å…ˆè¿›çš„å®ä½“é“¾æ¥åº“ã€BertPuncï¼šåŸºäºBERTçš„æœ€å…ˆè¿›æ ‡ç‚¹ä¿®å¤æ¨¡å‹ã€Tokenizerï¼šå¿«é€Ÿã€å¯å®šåˆ¶çš„æ–‡æœ¬è¯æ¡åŒ–åº“ã€ä¸­æ–‡è¯­è¨€ç†è§£æµ‹è¯„åŸºå‡†ï¼ŒåŒ…æ‹¬ä»£è¡¨æ€§çš„æ•°æ®é›†ã€åŸºå‡†(é¢„è®­ç»ƒ)æ¨¡å‹ã€è¯­æ–™åº“ã€æ’è¡Œæ¦œã€spaCy åŒ»å­¦æ–‡æœ¬æŒ–æ˜ä¸ä¿¡æ¯æå– ã€ NLPä»»åŠ¡ç¤ºä¾‹é¡¹ç›®ä»£ç é›†ã€ pythonæ‹¼å†™æ£€æŸ¥åº“ã€chatbot-list - è¡Œä¸šå†…å…³äºæ™ºèƒ½å®¢æœã€èŠå¤©æœºå™¨äººçš„åº”ç”¨å’Œæ¶æ„ã€ç®—æ³•åˆ†äº«å’Œä»‹ç»ã€è¯­éŸ³è´¨é‡è¯„ä»·æŒ‡æ ‡(MOSNet, BSSEval, STOI, PESQ, SRMR)ã€ ç”¨138GBè¯­æ–™è®­ç»ƒçš„æ³•æ–‡RoBERTaé¢„è®­ç»ƒè¯­è¨€æ¨¡å‹ ã€BERT-NER-Pytorchï¼šä¸‰ç§ä¸åŒæ¨¡å¼çš„BERTä¸­æ–‡NERå®éªŒã€æ— é“è¯å…¸ - æœ‰é“è¯å…¸çš„å‘½ä»¤è¡Œç‰ˆæœ¬ï¼Œæ”¯æŒè‹±æ±‰äº’æŸ¥å’Œåœ¨çº¿æŸ¥è¯¢ã€2019å¹´NLPäº®ç‚¹å›é¡¾ã€ Chinese medical dialogue data ä¸­æ–‡åŒ»ç–—å¯¹è¯æ•°æ®é›† ã€æœ€å¥½çš„æ±‰å­—æ•°å­—(ä¸­æ–‡æ•°å­—)-é˜¿æ‹‰ä¼¯æ•°å­—è½¬æ¢å·¥å…·ã€ åŸºäºç™¾ç§‘çŸ¥è¯†åº“çš„ä¸­æ–‡è¯è¯­å¤šè¯ä¹‰/ä¹‰é¡¹è·å–ä¸ç‰¹å®šå¥å­è¯è¯­è¯­ä¹‰æ¶ˆæ­§ã€awesome-nlp-sentiment-analysis - æƒ…æ„Ÿåˆ†æã€æƒ…ç»ªåŸå› è¯†åˆ«ã€è¯„ä»·å¯¹è±¡å’Œè¯„ä»·è¯æŠ½å–ã€LineFlowï¼šé¢å‘æ‰€æœ‰æ·±åº¦å­¦ä¹ æ¡†æ¶çš„NLPæ•°æ®é«˜æ•ˆåŠ è½½å™¨ã€ä¸­æ–‡åŒ»å­¦NLPå…¬å¼€èµ„æºæ•´ç† ã€MedQuADï¼š(è‹±æ–‡)åŒ»å­¦é—®ç­”æ•°æ®é›†ã€å°†è‡ªç„¶è¯­è¨€æ•°å­—ä¸²è§£æè½¬æ¢ä¸ºæ•´æ•°å’Œæµ®ç‚¹æ•°ã€Transfer Learning in Natural Language Processing (NLP) ã€é¢å‘è¯­éŸ³è¯†åˆ«çš„ä¸­æ–‡/è‹±æ–‡å‘éŸ³è¾å…¸ã€Tokenizersï¼šæ³¨é‡æ€§èƒ½ä¸å¤šåŠŸèƒ½æ€§çš„æœ€å…ˆè¿›åˆ†è¯å™¨ã€CLUENER ç»†ç²’åº¦å‘½åå®ä½“è¯†åˆ« Fine Grained Named Entity Recognitionã€ åŸºäºBERTçš„ä¸­æ–‡å‘½åå®ä½“è¯†åˆ«ã€ä¸­æ–‡è°£è¨€æ•°æ®åº“ã€NLPæ•°æ®é›†/åŸºå‡†ä»»åŠ¡å¤§åˆ—è¡¨ã€nlpç›¸å…³çš„ä¸€äº›è®ºæ–‡åŠä»£ç , åŒ…æ‹¬ä¸»é¢˜æ¨¡å‹ã€è¯å‘é‡(Word Embedding)ã€å‘½åå®ä½“è¯†åˆ«(NER)ã€æ–‡æœ¬åˆ†ç±»(Text Classificatin)ã€æ–‡æœ¬ç”Ÿæˆ(Text Generation)ã€æ–‡æœ¬ç›¸ä¼¼æ€§(Text Similarity)è®¡ç®—ç­‰ï¼Œæ¶‰åŠåˆ°å„ç§ä¸nlpç›¸å…³çš„ç®—æ³•ï¼ŒåŸºäºkeraså’Œtensorflow ã€Pythonæ–‡æœ¬æŒ–æ˜/NLPå®æˆ˜ç¤ºä¾‹ã€ Blackstoneï¼šé¢å‘éç»“æ„åŒ–æ³•å¾‹æ–‡æœ¬çš„spaCy pipelineå’ŒNLPæ¨¡å‹é€šè¿‡åŒä¹‰è¯æ›¿æ¢å®ç°æ–‡æœ¬â€œå˜è„¸â€ ã€ä¸­æ–‡ é¢„è®­ç»ƒ ELECTREA æ¨¡å‹: åŸºäºå¯¹æŠ—å­¦ä¹  pretrain Chinese Model ã€albert-chinese-ner - ç”¨é¢„è®­ç»ƒè¯­è¨€æ¨¡å‹ALBERTåšä¸­æ–‡NER ã€åŸºäºGPT2çš„ç‰¹å®šä¸»é¢˜æ–‡æœ¬ç”Ÿæˆ/æ–‡æœ¬å¢å¹¿ã€å¼€æºé¢„è®­ç»ƒè¯­è¨€æ¨¡å‹åˆé›†ã€å¤šè¯­è¨€å¥å‘é‡åŒ…ã€ç¼–ç ã€æ ‡è®°å’Œå®ç°ï¼šä¸€ç§å¯æ§é«˜æ•ˆçš„æ–‡æœ¬ç”Ÿæˆæ–¹æ³•ã€ è‹±æ–‡è„è¯å¤§åˆ—è¡¨ ã€attnvisï¼šGPT2ã€BERTç­‰transformerè¯­è¨€æ¨¡å‹æ³¨æ„åŠ›äº¤äº’å¯è§†åŒ–ã€CoVoSTï¼šFacebookå‘å¸ƒçš„å¤šè¯­ç§è¯­éŸ³-æ–‡æœ¬ç¿»è¯‘è¯­æ–™åº“ï¼ŒåŒ…æ‹¬11ç§è¯­è¨€(æ³•è¯­ã€å¾·è¯­ã€è·å…°è¯­ã€ä¿„è¯­ã€è¥¿ç­ç‰™è¯­ã€æ„å¤§åˆ©è¯­ã€åœŸè€³å…¶è¯­ã€æ³¢æ–¯è¯­ã€ç‘å…¸è¯­ã€è’™å¤è¯­å’Œä¸­æ–‡)çš„è¯­éŸ³ã€æ–‡å­—è½¬å½•åŠè‹±æ–‡è¯‘æ–‡ã€Jiaguè‡ªç„¶è¯­è¨€å¤„ç†å·¥å…· - ä»¥BiLSTMç­‰æ¨¡å‹ä¸ºåŸºç¡€ï¼Œæä¾›çŸ¥è¯†å›¾è°±å…³ç³»æŠ½å– ä¸­æ–‡åˆ†è¯ è¯æ€§æ ‡æ³¨ å‘½åå®ä½“è¯†åˆ« æƒ…æ„Ÿåˆ†æ æ–°è¯å‘ç° å…³é”®è¯ æ–‡æœ¬æ‘˜è¦ æ–‡æœ¬èšç±»ç­‰åŠŸèƒ½ã€ç”¨unetå®ç°å¯¹æ–‡æ¡£è¡¨æ ¼çš„è‡ªåŠ¨æ£€æµ‹ï¼Œè¡¨æ ¼é‡å»ºã€NLPäº‹ä»¶æå–æ–‡çŒ®èµ„æºåˆ—è¡¨ ã€ é‡‘èé¢†åŸŸè‡ªç„¶è¯­è¨€å¤„ç†ç ”ç©¶èµ„æºå¤§åˆ—è¡¨ã€CLUEDatasetSearch - ä¸­è‹±æ–‡NLPæ•°æ®é›†ï¼šæœç´¢æ‰€æœ‰ä¸­æ–‡NLPæ•°æ®é›†ï¼Œé™„å¸¸ç”¨è‹±æ–‡NLPæ•°æ®é›† ã€medical_NER - ä¸­æ–‡åŒ»å­¦çŸ¥è¯†å›¾è°±å‘½åå®ä½“è¯†åˆ« ã€(å“ˆä½›)è®²å› æœæ¨ç†çš„å…è´¹ä¹¦ã€çŸ¥è¯†å›¾è°±ç›¸å…³å­¦ä¹ èµ„æ–™/æ•°æ®é›†/å·¥å…·èµ„æºå¤§åˆ—è¡¨ã€Forteï¼šçµæ´»å¼ºå¤§çš„è‡ªç„¶è¯­è¨€å¤„ç†pipelineå·¥å…·é›† ã€Pythonå­—ç¬¦ä¸²ç›¸ä¼¼æ€§ç®—æ³•åº“ã€PyLaiaï¼šé¢å‘æ‰‹å†™æ–‡æ¡£åˆ†æçš„æ·±åº¦å­¦ä¹ å·¥å…·åŒ…ã€TextFoolerï¼šé’ˆå¯¹æ–‡æœ¬åˆ†ç±»/æ¨ç†çš„å¯¹æŠ—æ–‡æœ¬ç”Ÿæˆæ¨¡å—ã€Haystackï¼šçµæ´»ã€å¼ºå¤§çš„å¯æ‰©å±•é—®ç­”(QA)æ¡†æ¶ã€ä¸­æ–‡å…³é”®çŸ­è¯­æŠ½å–å·¥å…·",https://github.com/fighting41love/funNLP,23887,23887,7214
Detectron,"FAIR's research platform for object detection research, implementing popular algorithms like Mask R-CNN and RetinaNet.",https://github.com/facebookresearch/Detectron,23631,23631,5222
gym,A toolkit for developing and comparing reinforcement learning algorithms.,https://github.com/openai/gym,22092,22092,6259
YouCompleteMe,A code-completion engine for Vim,https://github.com/ycm-core/YouCompleteMe,21778,21778,2527
linux-insides,A little bit about a linux kernel,https://github.com/0xAX/linux-insides,21682,21682,2442
wtfpython,What the f*ck Python?,https://github.com/satwikkansal/wtfpython,21436,21436,1952
pipenv, Python Development Workflow for Humans.,https://github.com/pypa/pipenv,20938,20938,1540
ItChat,A complete and graceful API for Wechat. å¾®ä¿¡ä¸ªäººå·æ¥å£ã€å¾®ä¿¡æœºå™¨äººåŠå‘½ä»¤è¡Œå¾®ä¿¡ï¼Œä¸‰åè¡Œå³å¯è‡ªå®šä¹‰ä¸ªäººå·æœºå™¨äººã€‚,https://github.com/littlecodersh/ItChat,20780,20780,4867
interactive-coding-challenges,120+ interactive Python coding interview challenges (algorithms and data structures).  Includes Anki flashcards.,https://github.com/donnemartin/interactive-coding-challenges,20715,20715,3250
HanLP,ä¸­æ–‡åˆ†è¯ è¯æ€§æ ‡æ³¨ å‘½åå®ä½“è¯†åˆ« ä¾å­˜å¥æ³•åˆ†æ è¯­ä¹‰ä¾å­˜åˆ†æ æ–°è¯å‘ç° å…³é”®è¯çŸ­è¯­æå– è‡ªåŠ¨æ‘˜è¦ æ–‡æœ¬åˆ†ç±»èšç±» æ‹¼éŸ³ç®€ç¹è½¬æ¢ è‡ªç„¶è¯­è¨€å¤„ç†,https://github.com/hankcs/HanLP,20628,20628,5634
compose,Define and run multi-container applications with Docker,https://github.com/docker/compose,20614,20614,3369
fastapi,"FastAPI framework, high performance, easy to learn, fast to code, ready for production",https://github.com/tiangolo/fastapi,20604,20604,1383
mitmproxy,An interactive TLS-capable intercepting HTTP proxy for penetration testers and software developers.,https://github.com/mitmproxy/mitmproxy,19819,19819,2596
DeepFaceLab,DeepFaceLab is the leading software for creating deepfakes.,https://github.com/iperov/DeepFaceLab,19604,19604,4601
data-science-ipython-notebooks,"Data science Python notebooks: Deep learning (TensorFlow, Theano, Caffe, Keras), scikit-learn, Kaggle, big data (Spark, Hadoop MapReduce, HDFS), matplotlib, pandas, NumPy, SciPy, Python essentials, AWS, and various command lines.",https://github.com/donnemartin/data-science-ipython-notebooks,19437,19437,6117
tornado,"Tornado is a Python web framework and asynchronous networking library, originally developed at FriendFeed.",https://github.com/tornadoweb/tornado,19401,19401,5231
Real-Time-Voice-Cloning,Clone a voice in 5 seconds to generate arbitrary speech in real-time,https://github.com/CorentinJ/Real-Time-Voice-Cloning,19330,19330,3753
cheat.sh,the only cheat sheet you need,https://github.com/chubin/cheat.sh,19305,19305,954
algo,Set up a personal VPN in the cloud,https://github.com/trailofbits/algo,19141,19141,1639
django-rest-framework,Web APIs for Django. ğŸ¸,https://github.com/encode/django-rest-framework,18704,18704,5285
d2l-zh,ã€ŠåŠ¨æ‰‹å­¦æ·±åº¦å­¦ä¹ ã€‹ï¼šé¢å‘ä¸­æ–‡è¯»è€…ã€èƒ½è¿è¡Œã€å¯è®¨è®ºã€‚è‹±æ–‡ç‰ˆå³ä¼¯å…‹åˆ©â€œæ·±åº¦å­¦ä¹ å¯¼è®ºâ€æ•™æã€‚,https://github.com/d2l-ai/d2l-zh,18610,18610,4796
Python,My Python Examples,https://github.com/geekcomputers/Python,18586,18586,8703
airflow,"Apache Airflow - A platform to programmatically author, schedule, and monitor workflows",https://github.com/apache/airflow,18134,18134,7030
sqlmap,Automatic SQL injection and database takeover tool,https://github.com/sqlmapproject/sqlmap,18094,18094,3923
pytorch-tutorial,PyTorch Tutorial for Deep Learning Researchers,https://github.com/yunjey/pytorch-tutorial,17962,17962,5746
algorithms,Minimal examples of data structures and algorithms in Python,https://github.com/keon/algorithms,17796,17796,3601
black,The uncompromising Python code formatter,https://github.com/psf/black,17771,17771,1084
Mask_RCNN,Mask R-CNN for object detection and instance segmentation on Keras and TensorFlow,https://github.com/matterport/Mask_RCNN,17690,17690,8598
python-fire,Python Fire is a library for automatically generating command line interfaces (CLIs) from absolutely any Python object.,https://github.com/google/python-fire,17661,17661,1085
macOS-Security-and-Privacy-Guide,Guide to securing and improving privacy on macOS,https://github.com/drduh/macOS-Security-and-Privacy-Guide,17170,17170,1215
spaCy,ğŸ’« Industrial-strength Natural Language Processing (NLP) with Python and Cython,https://github.com/explosion/spaCy,17164,17164,3089
glances,"Glances an Eye on your system. A top/htop alternative for GNU/Linux, BSD, Mac OS and Windows operating systems.",https://github.com/nicolargo/glances,16738,16738,1096
ML-From-Scratch,Machine Learning From Scratch. Bare bones NumPy implementations of machine learning models and algorithms with a focus on accessibility. Aims to cover everything from linear regression to deep learning.,https://github.com/eriklindernoren/ML-From-Scratch,16723,16723,3315
NLP-progress,"Repository to track the progress in Natural Language Processing (NLP), including the datasets and the current state-of-the-art for the most common NLP tasks.",https://github.com/sebastianruder/NLP-progress,16623,16623,2853
algo,æ•°æ®ç»“æ„å’Œç®—æ³•å¿…çŸ¥å¿…ä¼šçš„50ä¸ªä»£ç å®ç°,https://github.com/wangzheng0822/algo,16415,16415,5272
PayloadsAllTheThings,A list of useful payloads and bypass for Web Application Security and Pentest/CTF,https://github.com/swisskyrepo/PayloadsAllTheThings,16405,16405,5252
hosts,"Consolidating and extending hosts files from several well-curated sources. You can optionally pick extensions to block pornography, social media, and other categories.",https://github.com/StevenBlack/hosts,16035,16035,1455
ZeroNet,ZeroNet - Decentralized websites using Bitcoin crypto and BitTorrent network,https://github.com/HelloZeroNet/ZeroNet,16024,16024,2044
celery,Distributed Task Queue (development branch),https://github.com/celery/celery,15723,15723,3802
tqdm,"A Fast, Extensible Progress Bar for Python and CLI",https://github.com/tqdm/tqdm,15686,15686,818
magenta,Magenta: Music and Art Generation with Machine Intelligence,https://github.com/magenta/magenta,15583,15583,3183
reddit,historical code from reddit.com,https://github.com/reddit-archive/reddit,15466,15466,2841
python-cheatsheet,Comprehensive Python Cheatsheet,https://github.com/gto76/python-cheatsheet,15390,15390,2980
TensorFlow-Course,Simple and ready-to-use tutorials for TensorFlow ,https://github.com/instillai/TensorFlow-Course,14822,14822,3018
professional-programming,A collection of full-stack resources for programmers.,https://github.com/charlax/professional-programming,14581,14581,1307
sherlock,ğŸ” Hunt down social media accounts by username across social networks,https://github.com/sherlock-project/sherlock,14565,14565,1483
pyspider,A Powerful Spider(Web Crawler) System in Python.,https://github.com/binux/pyspider,14551,14551,3523
ipython,"Official repository for IPython itself. Other repos in the IPython organization contain things like the website, documentation builds, etc.",https://github.com/ipython/ipython,14367,14367,4037
Awesome-Linux-Software,"A list of awesome applications, software, tools and other materials for Linux distros. ",https://github.com/luong-komorebi/Awesome-Linux-Software,14208,14208,1478
toml,"Tom's Obvious, Minimal Language",https://github.com/toml-lang/toml,14104,14104,703
sanic,Async Python 3.6+ web server/framework | Build fast. Run fast.,https://github.com/huge-success/sanic,14073,14073,1285
examples,"A set of examples around pytorch in Vision, Text, Reinforcement Learning, etc.",https://github.com/pytorch/examples,14046,14046,6591
spleeter,Deezer source separation library including pretrained models.,https://github.com/deezer/spleeter,13971,13971,1370
bitcoinbook,Mastering Bitcoin 2nd Edition - Programming the Open Blockchain,https://github.com/bitcoinbook/bitcoinbook,13966,13966,3988
bokeh,"Interactive Data Visualization in the browser, from  Python",https://github.com/bokeh/bokeh,13932,13932,3487
wechat_jump_game,å¾®ä¿¡ã€Šè·³ä¸€è·³ã€‹Python è¾…åŠ©,https://github.com/wangshub/wechat_jump_game,13891,13891,4573
PySnooper,Never use print for debugging again,https://github.com/cool-RR/PySnooper,13751,13751,859
locust,Scalable user load testing tool written in Python,https://github.com/locustio/locust,13718,13718,1918
nginx-proxy,Automated nginx proxy for Docker containers using docker-gen,https://github.com/nginx-proxy/nginx-proxy,13691,13691,2477
luigi,"Luigi is a Python module that helps you build complex pipelines of batch jobs. It handles dependency resolution, workflow management, visualization etc. It also comes with Hadoop support built in. ",https://github.com/spotify/luigi,13686,13686,2170
apistar,The Web API toolkit. ğŸ› ,https://github.com/encode/apistar,5482,5482,432
interpy-zh,ğŸ“˜ã€ŠPythonè¿›é˜¶ã€‹ï¼ˆIntermediate Python ä¸­æ–‡ç‰ˆï¼‰,https://github.com/eastlakeside/interpy-zh,5468,5468,1274
chainer,A flexible framework of neural networks for deep learning,https://github.com/chainer/chainer,5448,5448,1370
webpy,web.py is a web framework for python that is as simple as it is powerful. ,https://github.com/webpy/webpy,5447,5447,1310
bypy,Python client for Baidu Yun (Personal Cloud Storage) ç™¾åº¦äº‘/ç™¾åº¦ç½‘ç›˜Pythonå®¢æˆ·ç«¯,https://github.com/houtianze/bypy,5440,5440,1168
cython,The most widely used Python to C compiler,https://github.com/cython/cython,5430,5430,1066
machine_learning_examples,A collection of machine learning examples and tutorials.,https://github.com/lazyprogrammer/machine_learning_examples,5429,5429,4920
stylegan2,StyleGAN2 - Official TensorFlow Implementation,https://github.com/NVlabs/stylegan2,5427,5427,1147
Flashlight,The missing Spotlight plugin system,https://github.com/nate-parrott/Flashlight,5426,5426,441
werkzeug,The comprehensive WSGI web application library.,https://github.com/pallets/werkzeug,5426,5426,1475
discord.py,An API wrapper for Discord written in Python.,https://github.com/Rapptz/discord.py,5421,5421,1604
xlnet,XLNet: Generalized Autoregressive Pretraining for Language Understanding,https://github.com/zihangdai/xlnet,5417,5417,1072
sh,Python process launching,https://github.com/amoffat/sh,5396,5396,427
opensnitch,OpenSnitch is a GNU/Linux port of the Little Snitch application firewall,https://github.com/evilsocket/opensnitch,5381,5381,281
programming-talks,Awesome & interesting talks about programming,https://github.com/hellerve/programming-talks,5378,5378,388
awesome-cheatsheet,:beers: awesome cheatsheet,https://github.com/detailyang/awesome-cheatsheet,5375,5375,857
practical-python,Practical Python Programming (course by @dabeaz),https://github.com/dabeaz-course/practical-python,5365,5365,2607
powerline-shell,A beautiful and useful prompt for your shell,https://github.com/b-ryan/powerline-shell,5362,5362,714
taiga-back,Agile project management platform. Built on top of Django and AngularJS,https://github.com/taigaio/taiga-back,5361,5361,1049
wav2letter,Facebook AI Research's Automatic Speech Recognition Toolkit ,https://github.com/facebookresearch/wav2letter,5346,5346,905
impacket,Impacket is a collection of Python classes for working with network protocols.,https://github.com/SecureAuthCorp/impacket,5344,5344,1584
labelme,"Image Polygonal Annotation with Python (polygon, rectangle, circle, line, point and image-level flag annotation).",https://github.com/wkentaro/labelme,5328,5328,1645
docker-stacks,Ready-to-run Docker images containing Jupyter applications,https://github.com/jupyter/docker-stacks,5328,5328,2121
open_nsfw,Not Suitable for Work (NSFW) classification using deep neural network Caffe models.,https://github.com/yahoo/open_nsfw,5320,5320,1037
codeface,Typefaces for source code beautification,https://github.com/chrissimpkins/codeface,5320,5320,405
fail2ban,Daemon to ban hosts that cause multiple authentication errors,https://github.com/fail2ban/fail2ban,5300,5300,879
seq2seq,A general-purpose encoder-decoder framework for Tensorflow,https://github.com/google/seq2seq,5288,5288,1269
progressive_growing_of_gans,"Progressive Growing of GANs for Improved Quality, Stability, and Variation",https://github.com/tkarras/progressive_growing_of_gans,5273,5273,1021
cnn-text-classification-tf,Convolutional Neural Network for Text Classification in Tensorflow,https://github.com/dennybritz/cnn-text-classification-tf,5273,5273,2689
data-science-from-scratch,code for Data Science From Scratch book,https://github.com/joelgrus/data-science-from-scratch,5266,5266,3144
gevent,Coroutine-based concurrency library for Python,https://github.com/gevent/gevent,5265,5265,877
deoplete.nvim,:stars: Dark powered asynchronous completion framework for neovim/Vim8,https://github.com/Shougo/deoplete.nvim,5265,5265,288
Dshell,Dshell is a network forensic analysis framework.,https://github.com/USArmyResearchLab/Dshell,5262,5262,1163
Ultra-Light-Fast-Generic-Face-Detector-1MB, ğŸ’1MB lightweight face detection model  (1MBè½»é‡çº§äººè„¸æ£€æµ‹æ¨¡å‹),https://github.com/Linzaer/Ultra-Light-Fast-Generic-Face-Detector-1MB,5242,5242,1191
ImageAI,A python library built to empower developers to build applications and systems  with self-contained Computer Vision capabilities,https://github.com/OlafenwaMoses/ImageAI,5233,5233,1510
boltons,"ğŸ”© Like builtins, but boltons. 250+ constructs, recipes, and snippets which extend (and rely on nothing but) the Python standard library.  Nothing like Michael Bolton.",https://github.com/mahmoud/boltons,5233,5233,281
data-science-blogs,A curated list of data science blogs,https://github.com/rushter/data-science-blogs,5230,5230,1563
pymc3,Probabilistic Programming in Python: Bayesian Modeling and Probabilistic Machine Learning with Theano,https://github.com/pymc-devs/pymc3,5229,5229,1261
modin,Modin: Speed up your Pandas workflows by changing a single line of code,https://github.com/modin-project/modin,5229,5229,358
neural-style,Neural style in TensorFlow! ğŸ¨,https://github.com/anishathalye/neural-style,5228,5228,1501
urh,Universal Radio Hacker: Investigate Wireless Protocols Like A Boss,https://github.com/jopohl/urh,5211,5211,522
spinningup,An educational resource to help anyone learn deep reinforcement learning.,https://github.com/openai/spinningup,5211,5211,1139
edx-platform,"The Open edX platform, the software that powers edX!",https://github.com/edx/edx-platform,5209,5209,2859
voltron,A hacky debugger UI for hackers,https://github.com/snare/voltron,5207,5207,352
aws-sam-cli,"CLI tool to build, test, debug, and deploy Serverless applications using AWS SAM",https://github.com/aws/aws-sam-cli,5201,5201,808
iOSBlogCN,ä¸­æ–‡ iOS/Mac å¼€å‘åšå®¢åˆ—è¡¨,https://github.com/tangqiaoboy/iOSBlogCN,5176,5176,1331
eht-imaging,"Imaging, analysis, and simulation software for radio interferometry",https://github.com/achael/eht-imaging,5161,5161,463
srez,Image super-resolution through deep learning,https://github.com/david-gpu/srez,5152,5152,663
neuraltalk,NeuralTalk is a Python+numpy project for learning Multimodal Recurrent Neural Networks that describe images with sentences.,https://github.com/karpathy/neuraltalk,5145,5145,1350
nlp-recipes,Natural Language Processing Best Practices & Examples,https://github.com/microsoft/nlp-recipes,5142,5142,696
Sublist3r,Fast subdomains enumeration tool for penetration testers,https://github.com/aboul3la/Sublist3r,5125,5125,1299
meshroom,3D Reconstruction Software,https://github.com/alicevision/meshroom,5125,5125,520
wxBot,Pythonç½‘é¡µå¾®ä¿¡API,https://github.com/liuwons/wxBot,5106,5106,1662
dejavu,Audio fingerprinting and recognition in Python,https://github.com/worldveil/dejavu,5106,5106,1195
dev-setup,"macOS development environment setup:  Easy-to-understand instructions with automated setup scripts for developer tools like Vim, Sublime Text, Bash, iTerm, Python data analysis, Spark, Hadoop MapReduce, AWS, Heroku, JavaScript web development, Android development, common data stores, and dev-based OS X defaults.",https://github.com/donnemartin/dev-setup,5099,5099,1025
models,Pre-trained and Reproduced Deep Learning Models ï¼ˆã€é£æ¡¨ã€å®˜æ–¹æ¨¡å‹åº“ï¼ŒåŒ…å«å¤šç§å­¦æœ¯å‰æ²¿å’Œå·¥ä¸šåœºæ™¯éªŒè¯çš„æ·±åº¦å­¦ä¹ æ¨¡å‹ï¼‰,https://github.com/PaddlePaddle/models,5092,5092,2387
streamlink,Streamlink is a CLI utility which pipes video streams from various services into a video player,https://github.com/streamlink/streamlink,5080,5080,591
featuretools,An open source python library for automated feature engineering,https://github.com/FeatureLabs/featuretools,5062,5062,662
PyTorch-YOLOv3,Minimal PyTorch implementation of YOLOv3,https://github.com/eriklindernoren/PyTorch-YOLOv3,5061,5061,1999
truffleHog,"Searches through git repositories for high entropy strings and secrets, digging deep into commit history",https://github.com/dxa4481/truffleHog,5059,5059,683
speech_recognition,"Speech recognition module for Python, supporting several engines and APIs, online and offline.",https://github.com/Uberi/speech_recognition,5058,5058,1747
python-small-examples,å‘Šåˆ«æ¯ç‡¥ï¼Œè‡´åŠ›äºæ‰“é€  Python å¯Œæœ‰ä½“ç³»ä¸”å®ç”¨çš„å°ä¾‹å­ã€å°æ¡ˆä¾‹ã€‚,https://github.com/jackzhenguo/python-small-examples,5057,5057,1167
trape,People tracker on the Internet: OSINT analysis and research tool by Jose Pino,https://github.com/jofpin/trape,5056,5056,946
SublimeCodeIntel,ğŸ’¡ Full-featured code intelligence and smart autocomplete for Sublime Text,https://github.com/SublimeCodeIntel/SublimeCodeIntel,5042,5042,557
pkuseg-python,pkusegå¤šé¢†åŸŸä¸­æ–‡åˆ†è¯å·¥å…·; The pkuseg toolkit for multi-domain Chinese word segmentation,https://github.com/lancopku/pkuseg-python,5024,5024,794
PythonSpiderNotes,Pythonå…¥é—¨ç½‘ç»œçˆ¬è™«ä¹‹ç²¾åç‰ˆ,https://github.com/lining0806/PythonSpiderNotes,5012,5012,1969
DisableWinTracking,Uses some known methods that attempt to minimize tracking in Windows 10,https://github.com/10se1ucgo/DisableWinTracking,5007,5007,346
hyperopt,Distributed Asynchronous Hyperparameter Optimization in Python,https://github.com/hyperopt/hyperopt,5006,5006,813
learn-python,ğŸ“š Playground and cheatsheet for learning Python. Collection of Python scripts that are split by topics and contain code examples with explanations.,https://github.com/trekhleb/learn-python,5000,5000,878
TopDeepLearning,A list of popular github projects related to deep learning,https://github.com/aymericdamien/TopDeepLearning,4992,4992,1067
byob,BYOB (Build Your Own Botnet),https://github.com/malwaredllc/byob,4975,4975,991
robotframework,Generic automation framework for acceptance testing and RPA,https://github.com/robotframework/robotframework,4970,4970,1477
vaex," Out-of-Core DataFrames for Python, ML, visualize and explore big tabular data at a billion rows per second ğŸš€",https://github.com/vaexio/vaex,4967,4967,377
django-extensions,This is a repository for collecting global custom management extensions for the Django Framework. ,https://github.com/django-extensions/django-extensions,4966,4966,979
marshmallow,A lightweight library for converting complex objects to and from simple Python datatypes.,https://github.com/marshmallow-code/marshmallow,4955,4955,524
face_classification,Real-time face detection and emotion/gender classification using fer2013/imdb datasets with a keras CNN model and openCV.,https://github.com/oarriaga/face_classification,4944,4944,1490
MMdnn,"MMdnn is a set of tools to help users inter-operate among different deep learning frameworks. E.g. model conversion and visualization. Convert models between Caffe, Keras, MXNet, Tensorflow, CNTK, PyTorch Onnx and CoreML.",https://github.com/microsoft/MMdnn,4936,4936,924
snownlp,Python library for processing Chinese text,https://github.com/isnowfy/snownlp,4936,4936,1205
tensorflow-wavenet,A TensorFlow implementation of DeepMind's WaveNet paper,https://github.com/ibab/tensorflow-wavenet,4925,4925,1249
gspread,Google Sheets Python API,https://github.com/burnash/gspread,4916,4916,752
gcn,Implementation of Graph Convolutional Networks in TensorFlow,https://github.com/tkipf/gcn,4913,4913,1519
autograd,Efficiently computes derivatives of numpy code.,https://github.com/HIPS/autograd,4911,4911,707
docker-py,A Python library for the Docker Engine API,https://github.com/docker/docker-py,4888,4888,1417
youtube-dl-gui,A cross platform front-end GUI of the popular youtube-dl written in wxPython.,https://github.com/MrS0m30n3/youtube-dl-gui,4884,4884,731
folium,Python Data. Leaflet.js Maps. ,https://github.com/python-visualization/folium,4883,4883,1789
wechat-deleted-friends,æŸ¥çœ‹è¢«åˆ çš„å¾®ä¿¡å¥½å‹,https://github.com/0x5e/wechat-deleted-friends,4876,4876,1659
have-fun-with-machine-learning,An absolute beginner's guide to Machine Learning and Image Classification with Neural Networks,https://github.com/humphd/have-fun-with-machine-learning,4865,4865,537
faust,Python Stream Processing,https://github.com/robinhood/faust,4847,4847,394
trax,Trax â€” Deep Learning with Clear Code and Speed,https://github.com/google/trax,4833,4833,407
grip,Preview GitHub README.md files locally before committing them.,https://github.com/joeyespo/grip,4830,4830,330
prefect,The easiest way to automate your data,https://github.com/PrefectHQ/prefect,4825,4825,359
Learning-to-See-in-the-Dark,Learning to See in the Dark. CVPR 2018,https://github.com/cchen156/Learning-to-See-in-the-Dark,4824,4824,743
auto-sklearn,Automated Machine Learning with scikit-learn,https://github.com/automl/auto-sklearn,4818,4818,917
spiderfoot,SpiderFoot automates OSINT collection so that you can focus on analysis.,https://github.com/smicallef/spiderfoot,4815,4815,947
pre-commit,A framework for managing and maintaining multi-language pre-commit hooks.,https://github.com/pre-commit/pre-commit,4793,4793,366
keras-rl,Deep Reinforcement Learning for Keras.,https://github.com/keras-rl/keras-rl,4777,4777,1266
pix2pixHD,Synthesizing and manipulating 2048x1024 images with conditional GANs,https://github.com/NVIDIA/pix2pixHD,4757,4757,994
uncaptcha2,defeating the latest version of ReCaptcha with 91% accuracy,https://github.com/ecthros/uncaptcha2,4748,4748,455
yolov5,YOLOv5 in PyTorch > ONNX > CoreML > iOS,https://github.com/ultralytics/yolov5,4747,4747,1318
iScript,"å„ç§è„šæœ¬ -- å…³äº è™¾ç±³ xiami.com, ç™¾åº¦ç½‘ç›˜ pan.baidu.com, 115ç½‘ç›˜ 115.com, ç½‘æ˜“éŸ³ä¹ music.163.com, ç™¾åº¦éŸ³ä¹ music.baidu.com, 360ç½‘ç›˜/äº‘ç›˜ yunpan.cn, è§†é¢‘è§£æ flvxz.com, bt torrent â†” magnet, ed2k æœç´¢, tumblr å›¾ç‰‡ä¸‹è½½, unzip",https://github.com/PeterDing/iScript,4746,4746,1193
pyodide,"The Python scientific stack, compiled to WebAssembly",https://github.com/iodide-project/pyodide,4141,4141,271
pycodestyle,Simple Python style checker in one Python file,https://github.com/PyCQA/pycodestyle,4140,4140,576
Airtest,UI Automation Framework for Games and Apps,https://github.com/AirtestProject/Airtest,4138,4138,718
serenata-de-amor,ğŸ•µ Artificial Intelligence for social control of public administration,https://github.com/okfn-brasil/serenata-de-amor,4137,4137,693
mezzanine,CMS framework for Django,https://github.com/stephenmcd/mezzanine,4122,4122,1495
multi-v2ray,v2rayå¤šç”¨æˆ·ç®¡ç†éƒ¨ç½²ç¨‹åº,https://github.com/Jrohy/multi-v2ray,4121,4121,1708
umap,Uniform Manifold Approximation and Projection,https://github.com/lmcinnes/umap,4109,4109,432
electrum,Electrum Bitcoin Wallet,https://github.com/spesmilo/electrum,4108,4108,2134
huxley,A testing system for catching visual regressions in Web applications.,https://github.com/facebookarchive/huxley,4103,4103,304
isso,a Disqus alternative,https://github.com/posativ/isso,4097,4097,370
cvat,Powerful and efficient Computer Vision Annotation Tool (CVAT),https://github.com/opencv/cvat,4082,4082,1091
xmltodict,Python module that makes working with XML feel like you are working with JSON,https://github.com/martinblech/xmltodict,4079,4079,392
pydantic,Data parsing and validation using Python type hints,https://github.com/samuelcolvin/pydantic,4078,4078,365
pendulum,Python datetimes made easy,https://github.com/sdispater/pendulum,4072,4072,228
onionshare,"Securely and anonymously share files, host websites, and chat with friends using the Tor network",https://github.com/micahflee/onionshare,4046,4046,491
QUANTAXIS,QUANTAXIS æ”¯æŒä»»åŠ¡è°ƒåº¦ åˆ†å¸ƒå¼éƒ¨ç½²çš„ è‚¡ç¥¨/æœŸè´§/æœŸæƒ/æ¸¯è‚¡/è™šæ‹Ÿè´§å¸  æ•°æ®/å›æµ‹/æ¨¡æ‹Ÿ/äº¤æ˜“/å¯è§†åŒ–/å¤šè´¦æˆ· çº¯æœ¬åœ°é‡åŒ–è§£å†³æ–¹æ¡ˆ,https://github.com/QUANTAXIS/QUANTAXIS,4045,4045,1706
pygorithm,A Python module for learning all major algorithms,https://github.com/OmkarPathak/pygorithm,4035,4035,474
instagram-scraper,Scrapes an instagram user's photos and videos,https://github.com/arc298/instagram-scraper,4030,4030,908
uds,Unlimited Drive Storage by splitting binary files into base64,https://github.com/stewartmcgown/uds,4027,4027,259
google-api-python-client,ğŸ The official Python client library for Google's discovery based APIs.,https://github.com/googleapis/google-api-python-client,4027,4027,1701
security_monkey,"Security Monkey monitors AWS, GCP, OpenStack, and GitHub orgs for assets and their changes over time.",https://github.com/Netflix/security_monkey,4027,4027,781
DataSciencePython,common data analysis and machine learning tasks using python,https://github.com/ujjwalkarn/DataSciencePython,4013,4013,1304
CrackMapExec,A swiss army knife for pentesting networks,https://github.com/byt3bl33d3r/CrackMapExec,4011,4011,972
textgenrnn,Easily train your own text-generating neural network of any size and complexity on any text dataset with a few lines of code.,https://github.com/minimaxir/textgenrnn,4011,4011,632
twisted,Event-driven networking engine written in Python.,https://github.com/twisted/twisted,4005,4005,980
PRNet,Joint 3D Face Reconstruction and Dense Alignment with Position Map Regression Network (ECCV 2018),https://github.com/YadiraF/PRNet,4005,4005,821
learning-to-learn,Learning to Learn in TensorFlow,https://github.com/deepmind/learning-to-learn,3995,3995,600
kinto,A generic JSON document store with sharing and synchronisation capabilities.,https://github.com/Kinto/kinto,3992,3992,382
kafka-python,Python client for Apache Kafka,https://github.com/dpkp/kafka-python,3989,3989,1087
Deep-Learning-21-Examples,ã€Š21ä¸ªé¡¹ç›®ç©è½¬æ·±åº¦å­¦ä¹ â€”â€”â€”åŸºäºTensorFlowçš„å®è·µè¯¦è§£ã€‹é…å¥—ä»£ç ,https://github.com/hzy46/Deep-Learning-21-Examples,3988,3988,1708
ta-lib,Python wrapper for TA-Lib (http://ta-lib.org/).,https://github.com/mrjbq7/ta-lib,3985,3985,903
django-crispy-forms,The best way to have DRY Django forms. The app provides a tag and filter that lets you quickly render forms in a div format while providing an enormous amount of capability to configure and control the rendered HTML.,https://github.com/django-crispy-forms/django-crispy-forms,3969,3969,669
discover-flask,Full Stack Web Development with Flask.,https://github.com/realpython/discover-flask,3962,3962,698
arxiv-sanity-preserver,"Web interface for browsing, search and filtering recent arxiv submissions",https://github.com/karpathy/arxiv-sanity-preserver,3959,3959,1168
keras-retinanet,Keras implementation of RetinaNet object detection.,https://github.com/fizyr/keras-retinanet,3945,3945,1807
st2,"StackStorm (aka ""IFTTT for Ops"") is event-driven automation for auto-remediation, security responses, troubleshooting, deployments, and more. Includes rules engine, workflow, 160 integration packs with 6000+ actions (see https://exchange.stackstorm.org) and ChatOps. Installer at https://docs.stackstorm.com/install/index.html. Questions? https://forum.stackstorm.com/.",https://github.com/StackStorm/st2,3942,3942,516
DeepLearningTutorials,Deep Learning Tutorial notes and code. See the wiki for more info.,https://github.com/lisa-lab/DeepLearningTutorials,3929,3929,2149
scikit-image,Image processing in Python,https://github.com/scikit-image/scikit-image,3924,3924,1643
Telethon,"Pure Python 3 MTProto API Telegram client library, for bots too!",https://github.com/LonamiWebs/Telethon,3919,3919,589
volatility,An advanced memory forensics framework,https://github.com/volatilityfoundation/volatility,3912,3912,839
research,"dataset and code for 2016 paper ""Learning a Driving Simulator""",https://github.com/commaai/research,3912,3912,1157
Yet-Another-EfficientDet-Pytorch,The pytorch re-implement of the official efficientdet with SOTA performance in real time and pretrained weights.,https://github.com/zylo117/Yet-Another-EfficientDet-Pytorch,3903,3903,947
moto,A library that allows you to easily mock out tests based on AWS infrastructure.,https://github.com/spulec/moto,3899,3899,1206
ssd.pytorch,A PyTorch Implementation of Single Shot MultiBox Detector,https://github.com/amdegroot/ssd.pytorch,3894,3894,1472
GitGutter,A Sublime Text 2/3 plugin to see git diff in gutter,https://github.com/jisaacks/GitGutter,3881,3881,231
buku,:bookmark: Browser-independent bookmark manager,https://github.com/jarun/buku,3877,3877,217
rqalpha,"A extendable, replaceable Python algorithmic backtest && trading framework supporting multiple securities",https://github.com/ricequant/rqalpha,3877,3877,1346
Flask-SocketIO,Socket.IO integration for Flask applications.,https://github.com/miguelgrinberg/Flask-SocketIO,3873,3873,723
dataset,"Easy-to-use data handling for SQL data stores with support for implicit table creation, bulk loading, and transactions.",https://github.com/pudo/dataset,3870,3870,248
librosa,Python library for audio and music analysis,https://github.com/librosa/librosa,3866,3866,646
microk8s,"MicroK8s is a small, fast, single-package Kubernetes for developers, IoT and edge.",https://github.com/ubuntu/microk8s,3864,3864,372
MachineLearning,Basic Machine Learning and Deep Learning,https://github.com/wepe/MachineLearning,3863,3863,2821
DeepCTR,"Easy-to-use,Modular and Extendible package of deep-learning based CTR models for search and recommendation.",https://github.com/shenweichen/DeepCTR,3861,3861,1216
DeepLearning.ai-Summary,This repository contains my personal notes and summaries on DeepLearning.ai specialization courses. I've enjoyed every little bit of the course hope you enjoy my notes too.,https://github.com/mbadry1/DeepLearning.ai-Summary,3859,3859,2109
DrQA,Reading Wikipedia to Answer Open-Domain Questions,https://github.com/facebookresearch/DrQA,3858,3858,823
rockstar,Makes you a Rockstar C++ Programmer in 2 minutes,https://github.com/avinassh/rockstar,3856,3856,284
shadowbroker,"The Shadow Brokers ""Lost In Translation"" leak ",https://github.com/misterch0c/shadowbroker,3849,3849,390
neon,IntelÂ® Nervanaâ„¢ reference deep learning framework committed to best performance on all hardware,https://github.com/NervanaSystems/neon,3846,3846,841
deep-learning-roadmap,:satellite: All You Need to Know About Deep Learning - A kick-starter,https://github.com/instillai/deep-learning-roadmap,3844,3844,602
Tensorflow-Tutorial,Tensorflow tutorial from basic to hard,https://github.com/MorvanZhou/Tensorflow-Tutorial,3835,3835,1831
dataset,The Open Images dataset,https://github.com/openimages/dataset,3832,3832,575
xonsh,"Python-powered, cross-platform, Unix-gazing shell",https://github.com/xonsh/xonsh,3830,3830,426
awesome-math,A curated list of awesome mathematics resources,https://github.com/rossant/awesome-math,3825,3825,587
pywonderland,A tour in the wonderland of math with python.,https://github.com/neozhaoliang/pywonderland,3824,3824,343
redis-rdb-tools,"Parse Redis dump.rdb files, Analyze Memory, and Export Data to JSON",https://github.com/sripathikrishnan/redis-rdb-tools,3822,3822,584
brython,Brython (Browser Python) is an implementation of Python 3 running in the browser,https://github.com/brython-dev/brython,3817,3817,358
deap,Distributed Evolutionary Algorithms in Python,https://github.com/DEAP/deap,3815,3815,802
mmf,A modular framework for vision & language multimodal research from Facebook AI Research (FAIR),https://github.com/facebookresearch/mmf,3812,3812,532
IPProxyPool,IPProxyPoolä»£ç†æ± é¡¹ç›®ï¼Œæä¾›ä»£ç†ip,https://github.com/qiyeboy/IPProxyPool,3811,3811,1264
Eel,A little Python library for making simple Electron-like HTML/JS GUI apps,https://github.com/samuelhwilliams/Eel,3809,3809,359
DAIN,Depth-Aware Video Frame Interpolation (CVPR 2019),https://github.com/baowenbo/DAIN,3808,3808,443
jupytext,"Jupyter Notebooks as Markdown Documents, Julia, Python or R scripts",https://github.com/mwouts/jupytext,3801,3801,235
WeasyPrint,"WeasyPrint converts web documents (HTML with CSS, SVG, â€¦) to PDF.",https://github.com/Kozea/WeasyPrint,3795,3795,428
django-cors-headers,Django app for handling the server headers required for Cross-Origin Resource Sharing (CORS),https://github.com/adamchainz/django-cors-headers,3795,3795,446
lutris,Lutris client - Open Source gaming platform for GNU/Linux,https://github.com/lutris/lutris,3791,3791,351
datasette,An open source multi-tool for exploring and publishing data,https://github.com/simonw/datasette,3789,3789,207
dl-docker,"An all-in-one Docker image for deep learning. Contains all the popular DL frameworks (TensorFlow, Theano, Torch, Caffe, etc.)",https://github.com/floydhub/dl-docker,3788,3788,825
conda,"OS-agnostic, system-level binary package manager and ecosystem",https://github.com/conda/conda,3787,3787,950
AidLearning-FrameWork,"ğŸ”¥ğŸ”¥AidLearning builds a linux environment supporting GUI, deep learning and visual programming on Android devices. Now  support VSCode,Jupyter, pyToApk! One-click install.ğŸš€",https://github.com/aidlearning/AidLearning-FrameWork,3766,3766,588
livestreamer,"Command-line utility that extracts streams from various services and pipes them into a video player of choice. No longer maintained, use streamlink or youtube-dl instead.",https://github.com/chrippa/livestreamer,3763,3763,610
tablib,"Python Module for Tabular Datasets in XLS, CSV, JSON, YAML, &c.",https://github.com/jazzband/tablib,3761,3761,547
Lasagne,Lightweight library to build and train neural networks in Theano,https://github.com/Lasagne/Lasagne,3744,3744,978
cookiecutter-data-science,"A logical, reasonably standardized, but flexible project structure for doing and sharing data science work.",https://github.com/drivendata/cookiecutter-data-science,3742,3742,1249
ptpython,A better Python REPL,https://github.com/prompt-toolkit/ptpython,3740,3740,207
sklearn-doc-zh,:book: [è¯‘] scikit-learnï¼ˆsklearnï¼‰ ä¸­æ–‡æ–‡æ¡£,https://github.com/apachecn/sklearn-doc-zh,3730,3730,1220
CouchPotatoServer,Automatic Movie Downloading via NZBs & Torrents,https://github.com/CouchPotato/CouchPotatoServer,3729,3729,1312
PyGithub,Typed interactions with the GitHub API v3,https://github.com/PyGithub/PyGithub,3729,3729,1190
CapsNet-Tensorflow,A Tensorflow implementation of CapsNet(Capsules Net) in paper Dynamic Routing Between Capsules,https://github.com/naturomics/CapsNet-Tensorflow,3717,3717,1197
Chinese-BERT-wwm,Pre-Training with Whole Word Masking for Chinese BERTï¼ˆä¸­æ–‡BERT-wwmç³»åˆ—æ¨¡å‹ï¼‰,https://github.com/ymcui/Chinese-BERT-wwm,3716,3716,657
WeRoBot,WeRoBot æ˜¯ä¸€ä¸ªå¾®ä¿¡å…¬ä¼—å·å¼€å‘æ¡†æ¶,https://github.com/offu/WeRoBot,3711,3711,927
Lihang,"Statistical learning methods, ç»Ÿè®¡å­¦ä¹ æ–¹æ³•(ç¬¬2ç‰ˆ)[æèˆª]  [ç¬”è®°, ä»£ç , notebook, å‚è€ƒæ–‡çŒ®, Errata, lihang]",https://github.com/SmirkCao/Lihang,3711,3711,1181
awesome-graph-classification,"A collection of important graph embedding, classification and representation learning papers with implementations.",https://github.com/benedekrozemberczki/awesome-graph-classification,3709,3709,612
pytorch-examples,Simple examples to introduce PyTorch,https://github.com/jcjohnson/pytorch-examples,3697,3697,823
maltrail,Malicious traffic detection system,https://github.com/stamparm/maltrail,3695,3695,703
BERT-pytorch,Google AI 2018 BERT pytorch implementation,https://github.com/codertimo/BERT-pytorch,3689,3689,833
iGAN,Interactive Image Generation via Generative Adversarial Networks,https://github.com/junyanz/iGAN,3685,3685,581
tinydb,TinyDB is a lightweight document oriented database optimized for your happiness :),https://github.com/msiemens/tinydb,3680,3680,340
django-tastypie,Creating delicious APIs for Django apps since 2010.,https://github.com/django-tastypie/django-tastypie,3675,3675,1155
virtualenv,Virtual Python Environment builder,https://github.com/pypa/virtualenv,3665,3665,858
igbot,"ğŸ™ Free scripts, bots and Python API wrapper. Get free followers with our auto like, auto follow and other scripts!",https://github.com/ohld/igbot,3663,3663,1177
